ebno_db,seed,a1_sampling_seed,n0,method,payload_bit_errors,TB_errors,crc_failures,source_counts_match,path,sha256
-11.0,20260957,23260964,11.696974754333496,sionna_lmmse,0,0,0,True,cases/ebno_m11_seed_20260957.pt,ab5345726e2cf95985dfffcebfd9d2d805c68f090903bcabeca5abb1ba3efef2
-11.0,20260957,23260964,11.696974754333496,custom_lmmse,0,0,0,True,cases/ebno_m11_seed_20260957.pt,ab5345726e2cf95985dfffcebfd9d2d805c68f090903bcabeca5abb1ba3efef2
-11.0,20260957,23260964,11.696974754333496,ep5,385,2,2,True,cases/ebno_m11_seed_20260957.pt,ab5345726e2cf95985dfffcebfd9d2d805c68f090903bcabeca5abb1ba3efef2
-11.0,20260957,23260964,11.696974754333496,gt_ep,389,2,2,True,cases/ebno_m11_seed_20260957.pt,ab5345726e2cf95985dfffcebfd9d2d805c68f090903bcabeca5abb1ba3efef2
-11.0,20260957,23260964,11.696974754333496,detr_ep,349,2,2,True,cases/ebno_m11_seed_20260957.pt,ab5345726e2cf95985dfffcebfd9d2d805c68f090903bcabeca5abb1ba3efef2
-11.0,20260957,23260964,11.696974754333496,a1_ce_k64,0,0,0,True,cases/ebno_m11_seed_20260957.pt,ab5345726e2cf95985dfffcebfd9d2d805c68f090903bcabeca5abb1ba3efef2
-11.0,20260957,23260964,11.696974754333496,a1_ce_k256,0,0,0,True,cases/ebno_m11_seed_20260957.pt,ab5345726e2cf95985dfffcebfd9d2d805c68f090903bcabeca5abb1ba3efef2
-11.0,20260957,23260964,11.696974754333496,a1_ce_native_lmmse,0,0,0,True,cases/ebno_m11_seed_20260957.pt,ab5345726e2cf95985dfffcebfd9d2d805c68f090903bcabeca5abb1ba3efef2
-10.5,20260966,23260973,10.424941062927246,sionna_lmmse,1311,3,3,True,cases/ebno_m10p5_seed_20260966.pt,cb0367044a35ce81903c00037ca1675e5d505ba8890ed690780639686adacc19
-10.5,20260966,23260973,10.424941062927246,custom_lmmse,1294,3,3,True,cases/ebno_m10p5_seed_20260966.pt,cb0367044a35ce81903c00037ca1675e5d505ba8890ed690780639686adacc19
-10.5,20260966,23260973,10.424941062927246,ep5,1410,3,3,True,cases/ebno_m10p5_seed_20260966.pt,cb0367044a35ce81903c00037ca1675e5d505ba8890ed690780639686adacc19
-10.5,20260966,23260973,10.424941062927246,gt_ep,1266,4,4,True,cases/ebno_m10p5_seed_20260966.pt,cb0367044a35ce81903c00037ca1675e5d505ba8890ed690780639686adacc19
-10.5,20260966,23260973,10.424941062927246,detr_ep,1392,4,4,True,cases/ebno_m10p5_seed_20260966.pt,cb0367044a35ce81903c00037ca1675e5d505ba8890ed690780639686adacc19
-10.5,20260966,23260973,10.424941062927246,a1_ce_k64,633,2,2,True,cases/ebno_m10p5_seed_20260966.pt,cb0367044a35ce81903c00037ca1675e5d505ba8890ed690780639686adacc19
-10.5,20260966,23260973,10.424941062927246,a1_ce_k256,633,2,2,True,cases/ebno_m10p5_seed_20260966.pt,cb0367044a35ce81903c00037ca1675e5d505ba8890ed690780639686adacc19
-10.5,20260966,23260973,10.424941062927246,a1_ce_native_lmmse,1285,3,3,True,cases/ebno_m10p5_seed_20260966.pt,cb0367044a35ce81903c00037ca1675e5d505ba8890ed690780639686adacc19
-10.0,20260989,23260996,9.291237831115723,sionna_lmmse,64,1,1,True,cases/ebno_m10_seed_20260989.pt,0cfbd8f377575140cca9affb144fa2fc540ba124500a2de56fda50947663032c
-10.0,20260989,23260996,9.291237831115723,custom_lmmse,68,1,1,True,cases/ebno_m10_seed_20260989.pt,0cfbd8f377575140cca9affb144fa2fc540ba124500a2de56fda50947663032c
-10.0,20260989,23260996,9.291237831115723,ep5,106,1,1,True,cases/ebno_m10_seed_20260989.pt,0cfbd8f377575140cca9affb144fa2fc540ba124500a2de56fda50947663032c
-10.0,20260989,23260996,9.291237831115723,gt_ep,27,1,1,True,cases/ebno_m10_seed_20260989.pt,0cfbd8f377575140cca9affb144fa2fc540ba124500a2de56fda50947663032c
-10.0,20260989,23260996,9.291237831115723,detr_ep,11,1,1,True,cases/ebno_m10_seed_20260989.pt,0cfbd8f377575140cca9affb144fa2fc540ba124500a2de56fda50947663032c
-10.0,20260989,23260996,9.291237831115723,a1_ce_k64,0,0,0,True,cases/ebno_m10_seed_20260989.pt,0cfbd8f377575140cca9affb144fa2fc540ba124500a2de56fda50947663032c
-10.0,20260989,23260996,9.291237831115723,a1_ce_k256,0,0,0,True,cases/ebno_m10_seed_20260989.pt,0cfbd8f377575140cca9affb144fa2fc540ba124500a2de56fda50947663032c
-10.0,20260989,23260996,9.291237831115723,a1_ce_native_lmmse,64,1,1,True,cases/ebno_m10_seed_20260989.pt,0cfbd8f377575140cca9affb144fa2fc540ba124500a2de56fda50947663032c
-11.0,20260959,23260966,11.696974754333496,sionna_lmmse,59,1,1,True,cases/ebno_m11_seed_20260959.pt,63db259a55cf90a821d7fb44c6099f38c70ef233470c6b1e1716ffccf99ca4d9
-11.0,20260959,23260966,11.696974754333496,custom_lmmse,59,1,1,True,cases/ebno_m11_seed_20260959.pt,63db259a55cf90a821d7fb44c6099f38c70ef233470c6b1e1716ffccf99ca4d9
-11.0,20260959,23260966,11.696974754333496,ep5,0,0,0,True,cases/ebno_m11_seed_20260959.pt,63db259a55cf90a821d7fb44c6099f38c70ef233470c6b1e1716ffccf99ca4d9
-11.0,20260959,23260966,11.696974754333496,gt_ep,0,0,0,True,cases/ebno_m11_seed_20260959.pt,63db259a55cf90a821d7fb44c6099f38c70ef233470c6b1e1716ffccf99ca4d9
-11.0,20260959,23260966,11.696974754333496,detr_ep,0,0,0,True,cases/ebno_m11_seed_20260959.pt,63db259a55cf90a821d7fb44c6099f38c70ef233470c6b1e1716ffccf99ca4d9
-11.0,20260959,23260966,11.696974754333496,a1_ce_k64,18,1,1,True,cases/ebno_m11_seed_20260959.pt,63db259a55cf90a821d7fb44c6099f38c70ef233470c6b1e1716ffccf99ca4d9
-11.0,20260959,23260966,11.696974754333496,a1_ce_k256,20,1,1,True,cases/ebno_m11_seed_20260959.pt,63db259a55cf90a821d7fb44c6099f38c70ef233470c6b1e1716ffccf99ca4d9
-11.0,20260959,23260966,11.696974754333496,a1_ce_native_lmmse,59,1,1,True,cases/ebno_m11_seed_20260959.pt,63db259a55cf90a821d7fb44c6099f38c70ef233470c6b1e1716ffccf99ca4d9
-10.5,20260991,23260998,10.424941062927246,sionna_lmmse,68,1,1,True,cases/ebno_m10p5_seed_20260991.pt,1779ae9b3e309763294926402d5a7af2b1f600a47d581758cb321dd9077a90c3
-10.5,20260991,23260998,10.424941062927246,custom_lmmse,70,1,1,True,cases/ebno_m10p5_seed_20260991.pt,1779ae9b3e309763294926402d5a7af2b1f600a47d581758cb321dd9077a90c3
-10.5,20260991,23260998,10.424941062927246,ep5,7,1,1,True,cases/ebno_m10p5_seed_20260991.pt,1779ae9b3e309763294926402d5a7af2b1f600a47d581758cb321dd9077a90c3
-10.5,20260991,23260998,10.424941062927246,gt_ep,0,0,0,True,cases/ebno_m10p5_seed_20260991.pt,1779ae9b3e309763294926402d5a7af2b1f600a47d581758cb321dd9077a90c3
-10.5,20260991,23260998,10.424941062927246,detr_ep,0,0,0,True,cases/ebno_m10p5_seed_20260991.pt,1779ae9b3e309763294926402d5a7af2b1f600a47d581758cb321dd9077a90c3
-10.5,20260991,23260998,10.424941062927246,a1_ce_k64,2,1,1,True,cases/ebno_m10p5_seed_20260991.pt,1779ae9b3e309763294926402d5a7af2b1f600a47d581758cb321dd9077a90c3
-10.5,20260991,23260998,10.424941062927246,a1_ce_k256,2,1,1,True,cases/ebno_m10p5_seed_20260991.pt,1779ae9b3e309763294926402d5a7af2b1f600a47d581758cb321dd9077a90c3
-10.5,20260991,23260998,10.424941062927246,a1_ce_native_lmmse,70,1,1,True,cases/ebno_m10p5_seed_20260991.pt,1779ae9b3e309763294926402d5a7af2b1f600a47d581758cb321dd9077a90c3
-10.0,20260947,23260954,9.291237831115723,sionna_lmmse,0,0,0,True,cases/ebno_m10_seed_20260947.pt,77997a490d470eaa2b4811bd27376922088087836907c93dc7e69e7d5662a1c8
-10.0,20260947,23260954,9.291237831115723,custom_lmmse,0,0,0,True,cases/ebno_m10_seed_20260947.pt,77997a490d470eaa2b4811bd27376922088087836907c93dc7e69e7d5662a1c8
-10.0,20260947,23260954,9.291237831115723,ep5,0,0,0,True,cases/ebno_m10_seed_20260947.pt,77997a490d470eaa2b4811bd27376922088087836907c93dc7e69e7d5662a1c8
-10.0,20260947,23260954,9.291237831115723,gt_ep,0,0,0,True,cases/ebno_m10_seed_20260947.pt,77997a490d470eaa2b4811bd27376922088087836907c93dc7e69e7d5662a1c8
-10.0,20260947,23260954,9.291237831115723,detr_ep,0,0,0,True,cases/ebno_m10_seed_20260947.pt,77997a490d470eaa2b4811bd27376922088087836907c93dc7e69e7d5662a1c8
-10.0,20260947,23260954,9.291237831115723,a1_ce_k64,29,1,1,True,cases/ebno_m10_seed_20260947.pt,77997a490d470eaa2b4811bd27376922088087836907c93dc7e69e7d5662a1c8
-10.0,20260947,23260954,9.291237831115723,a1_ce_k256,30,1,1,True,cases/ebno_m10_seed_20260947.pt,77997a490d470eaa2b4811bd27376922088087836907c93dc7e69e7d5662a1c8
-10.0,20260947,23260954,9.291237831115723,a1_ce_native_lmmse,0,0,0,True,cases/ebno_m10_seed_20260947.pt,77997a490d470eaa2b4811bd27376922088087836907c93dc7e69e7d5662a1c8
-11.0,20260986,23260993,11.696974754333496,sionna_lmmse,3894,6,6,True,cases/ebno_m11_seed_20260986.pt,67162b76e1e4688b2b1d2758126112fa4d1ca702164e2637f24e75d1cc962b0f
-11.0,20260986,23260993,11.696974754333496,custom_lmmse,3879,7,7,True,cases/ebno_m11_seed_20260986.pt,67162b76e1e4688b2b1d2758126112fa4d1ca702164e2637f24e75d1cc962b0f
-11.0,20260986,23260993,11.696974754333496,ep5,3897,6,6,True,cases/ebno_m11_seed_20260986.pt,67162b76e1e4688b2b1d2758126112fa4d1ca702164e2637f24e75d1cc962b0f
-11.0,20260986,23260993,11.696974754333496,gt_ep,3378,6,6,True,cases/ebno_m11_seed_20260986.pt,67162b76e1e4688b2b1d2758126112fa4d1ca702164e2637f24e75d1cc962b0f
-11.0,20260986,23260993,11.696974754333496,detr_ep,3482,7,7,True,cases/ebno_m11_seed_20260986.pt,67162b76e1e4688b2b1d2758126112fa4d1ca702164e2637f24e75d1cc962b0f
-11.0,20260986,23260993,11.696974754333496,a1_ce_k64,3031,5,5,True,cases/ebno_m11_seed_20260986.pt,67162b76e1e4688b2b1d2758126112fa4d1ca702164e2637f24e75d1cc962b0f
-11.0,20260986,23260993,11.696974754333496,a1_ce_k256,3051,5,5,True,cases/ebno_m11_seed_20260986.pt,67162b76e1e4688b2b1d2758126112fa4d1ca702164e2637f24e75d1cc962b0f
-11.0,20260986,23260993,11.696974754333496,a1_ce_native_lmmse,3897,6,6,True,cases/ebno_m11_seed_20260986.pt,67162b76e1e4688b2b1d2758126112fa4d1ca702164e2637f24e75d1cc962b0f
-10.5,20260933,23260940,10.424941062927246,sionna_lmmse,0,0,0,True,cases/ebno_m10p5_seed_20260933.pt,578410e1a2fb73cfa6337c3c4d29d8a321c2c228b8e01598c1ebb47378d591ef
-10.5,20260933,23260940,10.424941062927246,custom_lmmse,0,0,0,True,cases/ebno_m10p5_seed_20260933.pt,578410e1a2fb73cfa6337c3c4d29d8a321c2c228b8e01598c1ebb47378d591ef
-10.5,20260933,23260940,10.424941062927246,ep5,0,0,0,True,cases/ebno_m10p5_seed_20260933.pt,578410e1a2fb73cfa6337c3c4d29d8a321c2c228b8e01598c1ebb47378d591ef
-10.5,20260933,23260940,10.424941062927246,gt_ep,0,0,0,True,cases/ebno_m10p5_seed_20260933.pt,578410e1a2fb73cfa6337c3c4d29d8a321c2c228b8e01598c1ebb47378d591ef
-10.5,20260933,23260940,10.424941062927246,detr_ep,0,0,0,True,cases/ebno_m10p5_seed_20260933.pt,578410e1a2fb73cfa6337c3c4d29d8a321c2c228b8e01598c1ebb47378d591ef
-10.5,20260933,23260940,10.424941062927246,a1_ce_k64,0,0,0,True,cases/ebno_m10p5_seed_20260933.pt,578410e1a2fb73cfa6337c3c4d29d8a321c2c228b8e01598c1ebb47378d591ef
-10.5,20260933,23260940,10.424941062927246,a1_ce_k256,0,0,0,True,cases/ebno_m10p5_seed_20260933.pt,578410e1a2fb73cfa6337c3c4d29d8a321c2c228b8e01598c1ebb47378d591ef
-10.5,20260933,23260940,10.424941062927246,a1_ce_native_lmmse,0,0,0,True,cases/ebno_m10p5_seed_20260933.pt,578410e1a2fb73cfa6337c3c4d29d8a321c2c228b8e01598c1ebb47378d591ef
