method,candidate,training_seed,checkpoint_type,parameter_count,effective_input_features,nominal_input_features,scale_forward_ms_per_channel,decode_ms_per_channel,independent_channels,channel_ebno_observations
native_lmmse,native_lmmse,,fixed,0,0,0,0.0,12.256462868858112,512,3584
ep5_raw,ep5_raw,,fixed,0,0,0,0.0,12.255318674631,512,3584
global_train24,global_train24,,fixed,1,0,0,0.3394918866043944,12.597535930971,512,3584
per_bit_train24,per_bit_train24,,fixed,4,0,0,0.36396050407867214,12.362854073736733,512,3584
noise_per_bit_train24,noise_per_bit_train24,,fixed,12,1,1,0.4074690852056457,12.330582068898366,512,3584
full_mlp_seed42_best,full_mlp,42,best,1412,6,6,2.648154933922342,12.332191611026897,512,3584
full_mlp_seed43_best,full_mlp,43,best,1412,6,6,2.580659340310376,12.332549259943855,512,3584
full_mlp_seed44_best,full_mlp,44,best,1412,6,6,2.5778081284702887,12.333924476479297,512,3584
mlp_without_residual_seed42_best,mlp_without_residual,42,best,1412,5,6,2.56984935757438,12.333054834536076,512,3584
mlp_without_residual_seed43_best,mlp_without_residual,43,best,1412,5,6,2.572797972139337,12.334909301508949,512,3584
mlp_without_residual_seed44_best,mlp_without_residual,44,best,1412,5,6,2.570451187109159,12.334853560137812,512,3584
mlp_without_eta_seed42_best,mlp_without_eta,42,best,1412,5,6,2.5733033102629372,12.334718778220122,512,3584
mlp_without_eta_seed43_best,mlp_without_eta,43,best,1412,5,6,2.5678023957880214,12.332555533378452,512,3584
mlp_without_eta_seed44_best,mlp_without_eta,44,best,1412,5,6,2.5738177687994073,12.335585031126227,512,3584
mlp_without_both_seed42_best,mlp_without_both,42,best,1412,4,6,2.5703097905664305,12.333154440576825,512,3584
mlp_without_both_seed43_best,mlp_without_both,43,best,1412,4,6,2.572090872490662,12.334401692507006,512,3584
mlp_without_both_seed44_best,mlp_without_both,44,best,1412,4,6,2.5702672171194405,12.333043074769583,512,3584
affine_all_features_seed42_best,affine_all_features,42,best,28,6,6,1.7024266354772928,12.32945543623438,512,3584
affine_all_features_seed43_best,affine_all_features,43,best,28,6,6,1.688562011882563,12.327766902931867,512,3584
affine_all_features_seed44_best,affine_all_features,44,best,28,6,6,1.6916870182675277,12.328801145226212,512,3584
frozen_reference_seed42,frozen_reference,42,frozen_best,1412,6,6,2.52808103921,12.332669170064037,512,3584
frozen_reference_seed43,frozen_reference,43,frozen_best,1412,6,6,2.552510185653643,12.3359662515473,512,3584
frozen_reference_seed44,frozen_reference,44,frozen_best,1412,6,6,2.5211581515967345,12.33404566171105,512,3584
